{"name":"accelerator_pedal_position","value":0,"timestamp":1364323939.012000}
{"name":"engine_speed","value":772,"timestamp":1364323939.027000}
{"name":"vehicle_speed","value":0,"timestamp":1364323939.029000}
{"name":"accelerator_pedal_position","value":0,"timestamp":1364323939.035000}
{"name":"torque_at_transmission","value":3,"timestamp":1364323939.031000}
{"name":"engine_speed","value":772,"timestamp":1364323939.035000}
{"name":"vehicle_speed","value":0,"timestamp":1364323939.037000}
{"name":"accelerator_pedal_position","value":0,"timestamp":1364323939.038000}
{"name":"engine_speed","value":772,"timestamp":1364323939.040000}
{"name":"torque_at_transmission","value":3,"timestamp":1364323939.058000}
{"name":"fuel_consumed_since_restart","value":7.729793,"timestamp":1364323939.058000}
{"name":"odometer","value":13966.579102,"timestamp":1364323939.058000}
{"name":"vehicle_speed","value":0,"timestamp":1364323939.063000}
{"name":"accelerator_pedal_position","value":0,"timestamp":1364323939.063000}
{"name":"engine_speed","value":774,"timestamp":1364323939.063000}
{"name":"torque_at_transmission","value":3,"timestamp":1364323939.068000}
{"name":"vehicle_speed","value":0,"timestamp":1364323939.068000}
{"name":"accelerator_pedal_position","value":0,"timestamp":1364323939.068000}
{"name":"engine_speed","value":774,"timestamp":1364323939.070000}
{"name":"vehicle_speed","value":0,"timestamp":1364323939.071000}
{"name":"torque_at_transmission","value":3,"timestamp":1364323939.071000}
{"name":"accelerator_pedal_position","value":0,"timestamp":1364323939.074000}
{"name":"torque_at_transmission","value":3,"timestamp":1364323939.074000}
{"name":"engine_speed","value":774,"timestamp":1364323939.074000}
{"name":"vehicle_speed","value":0,"timestamp":1364323939.079000}
{"name":"accelerator_pedal_position","value":0,"timestamp":1364323939.080000}
{"name":"engine_speed","value":774,"timestamp":1364323939.080000}
{"name":"torque_at_transmission","value":3,"timestamp":1364323939.086000}
{"name":"vehicle_speed","value":0,"timestamp":1364323939.086000}
{"name":"accelerator_pedal_position","value":0,"timestamp":1364323939.087000}
{"name":"engine_speed","value":776,"timestamp":1364323939.090000}
{"name":"torque_at_transmission","value":3,"timestamp":1364323939.090000}
{"name":"vehicle_speed","value":0,"timestamp":1364323939.096000}
{"name":"accelerator_pedal_position","value":0,"timestamp":1364323939.096000}
{"name":"fuel_level","value":89.674202,"timestamp":1364323939.097000}
{"name":"engine_speed","value":776,"timestamp":1364323939.097000}
{"name":"torque_at_transmission","value":3,"timestamp":1364323939.100000}
{"name":"vehicle_speed","value":0,"timestamp":1364323939.100000}
{"name":"accelerator_pedal_position","value":0,"timestamp":1364323939.101000}
{"name":"engine_speed","value":776,"timestamp":1364323939.101000}
{"name":"torque_at_transmission","value":3,"timestamp":1364323939.106000}
{"name":"vehicle_speed","value":0,"timestamp":1364323939.107000}
{"name":"accelerator_pedal_position","value":0,"timestamp":1364323939.115000}
{"name":"engine_speed","value":776,"timestamp":1364323939.116000}
{"name":"torque_at_transmission","value":3,"timestamp":1364323939.116000}
{"name":"vehicle_speed","value":0,"timestamp":1364323939.116000}
{"name":"accelerator_pedal_position","value":0,"timestamp":1364323939.122000}
{"name":"engine_speed","value":780,"timestamp":1364323939.122000}
{"name":"torque_at_transmission","value":3,"timestamp":1364323939.125000}
{"name":"vehicle_speed","value":0,"timestamp":1364323939.126000}
{"name":"accelerator_pedal_position","value":0,"timestamp":1364323939.127000}
{"name":"engine_speed","value":780,"timestamp":1364323939.128000}
{"name":"torque_at_transmission","value":3,"timestamp":1364323939.130000}
{"name":"fuel_consumed_since_restart","value":7.729818,"timestamp":1364323939.130000}
{"name":"odometer","value":13966.579102,"timestamp":1364323939.134000}
{"name":"vehicle_speed","value":0,"timestamp":1364323939.134000}
{"name":"steering_wheel_angle","value":-2.799927,"timestamp":1364323939.134000}
{"name":"accelerator_pedal_position","value":0,"timestamp":1364323939.138000}
{"name":"engine_speed","value":780,"timestamp":1364323939.138000}
{"name":"torque_at_transmission","value":3,"timestamp":1364323939.139000}
{"name":"vehicle_speed","value":0,"timestamp":1364323939.141000}
{"name":"accelerator_pedal_position","value":0,"timestamp":1364323939.142000}
{"name":"engine_speed","value":780,"timestamp":1364323939.142000}
{"name":"torque_at_transmission","value":3,"timestamp":1364323939.146000}
{"name":"vehicle_speed","value":0,"timestamp":1364323939.147000}
{"name":"accelerator_pedal_position","value":0,"timestamp":1364323939.147000}
{"name":"engine_speed","value":780,"timestamp":1364323939.150000}
{"name":"torque_at_transmission","value":2,"timestamp":1364323939.150000}
{"name":"vehicle_speed","value":0,"timestamp":1364323939.151000}
{"name":"accelerator_pedal_position","value":0,"timestamp":1364323939.154000}
{"name":"engine_speed","value":780,"timestamp":1364323939.154000}
{"name":"torque_at_transmission","value":2,"timestamp":1364323939.154000}
{"name":"vehicle_speed","value":0,"timestamp":1364323939.158000}
{"name":"accelerator_pedal_position","value":0,"timestamp":1364323939.158000}
{"name":"engine_speed","value":780,"timestamp":1364323939.158000}
{"name":"torque_at_transmission","value":2,"timestamp":1364323939.165000}
{"name":"vehicle_speed","value":0,"timestamp":1364323939.175000}
{"name":"accelerator_pedal_position","value":0,"timestamp":1364323939.176000}
{"name":"engine_speed","value":782,"timestamp":1364323939.176000}
{"name":"fuel_level","value":89.674202,"timestamp":1364323939.179000}
{"name":"torque_at_transmission","value":1,"timestamp":1364323939.179000}
{"name":"vehicle_speed","value":0,"timestamp":1364323939.179000}
{"name":"accelerator_pedal_position","value":0,"timestamp":1364323939.183000}
{"name":"engine_speed","value":782,"timestamp":1364323939.185000}
{"name":"torque_at_transmission","value":1,"timestamp":1364323939.185000}
{"name":"vehicle_speed","value":0,"timestamp":1364323939.188000}
{"name":"accelerator_pedal_position","value":0,"timestamp":1364323939.188000}
{"name":"engine_speed","value":782,"timestamp":1364323939.192000}
{"name":"torque_at_transmission","value":1,"timestamp":1364323939.195000}
{"name":"vehicle_speed","value":0,"timestamp":1364323939.196000}
{"name":"accelerator_pedal_position","value":0,"timestamp":1364323939.200000}
{"name":"engine_speed","value":782,"timestamp":1364323939.208000}
{"name":"torque_at_transmission","value":1,"timestamp":1364323939.208000}
{"name":"vehicle_speed","value":0,"timestamp":1364323939.208000}
{"name":"accelerator_pedal_position","value":0,"timestamp":1364323939.209000}
{"name":"engine_speed","value":778,"timestamp":1364323939.214000}
{"name":"torque_at_transmission","value":1,"timestamp":1364323939.217000}
{"name":"fuel_consumed_since_restart","value":7.729843,"timestamp":1364323939.226000}
{"name":"odometer","value":13966.579102,"timestamp":1364323939.226000}
{"name":"vehicle_speed","value":0,"timestamp":1364323939.235000}
